Name	Tax ID	Relative Abundance	Reads Frequency	Normalized Reads Frequency
Pseudomonadota	1224	93.46	10095089	9737528
Bacteroidota	976	2.3800000000000003	152248	247971
Bacillota	1239	2.18	91365	227133
Actinomycetota	201174	1.2	49464	125027
Bacillota_A	1239	0.7400000000000001	29832	77101
Campylobacterota	1224	0.02	623	2084
Bacillota_B	1239	0.01	305	1042