Class	Abundance Score	Relative Abundance	Unique Matches Frequency
Polimixin_Colistin	2163135.95	30.114	585379
Aminoglycoside	2047781.8399999999	28.509	31867
Tetracyclines	855298.1499999999	11.907	5451
Sulfonamides_Trimethoprim	548022.61	7.629	29489
Sulfa drugs	499650.64	6.9559999999999995	96667
Class A beta-lactamases	442984.21	6.167	163320
Macrolide-Lincosamine-Streptogramin B	317736.44	4.423000000000001	1974
Quinolones and fluoroquinolones	308408.05	4.294	255