CAZy ID	Copies per Million (CPM)	Relative Abundance
GH13	234825	23.48251878601503
GH1	140894	14.089411271529018
CBM48	112266	11.226608981287185
GH23	105871	10.587108469686775
GT5	65136.8	6.51368521094817
GT85	53081.1	5.308114246491398
GT35	49814.1	4.981413985131188
GT20	48557.9	4.8557938846351085
GT32	42151.9	4.2151933721546975
GT2	35797.1	3.579712863770291
GT53	34120.2	3.412022729618184
GH77	29554	2.9554023643218916
GT4	25028.5	2.502852002281602
GT28	22901.6	2.2901618321294657