Name	Tax ID	Relative Abundance	Reads Frequency	Normalized Reads Frequency
Gammaproteobacteria	1236	93.46	10095089	9737528
Bacteroidia	200643	2.3800000000000003	152248	247971
Bacilli	91061	2.18	91365	227133
Actinomycetia	1760	1.06	45146	110440
Clostridia	186801	0.7400000000000001	29832	77101
Coriobacteriia	84998	0.14	4318	14587
Campylobacteria	29547	0.02	623	2084
Peptococcia	186801	0.01	305	1042