Class	Abundance Score	Relative Abundance	Unique Matches Frequency
Macrolide-Lincosamine-Streptogramin B	334180.3	39.294999999999995	11548
Tetracyclines	279669.24000000005	32.88399999999999	29276
Aminoglycoside	219085.31000000003	25.759999999999998	34706
Phenicol	10632.41	1.25	1530
Class A beta-lactamases	6900.52	0.8109999999999999	130