Name	Tax ID	Abundance Score	Relative Abundance	% Unique Matches	% Total Matches	Unique Matches Frequency
Propionibacteriaceae	31957	197.46	29.137	0.048338	0.024763	19
Dermacoccus	57495	176.82	26.090999999999998	0.012603	0.012603	2036
Rothia	32207	130.22	19.215	0.047904	0.047904	8
Staphylococcus capitis	29388	96.49	14.238000000000001	0.010647	0.008841	43
Micrococcus luteus	1270	76.71	11.318999999999999	0.007281	0.014076	67